{"dw_set": [[0, 1], [1, 2, 13], [2, 3], [3, 4], [4, 5, 9], [5, 6], [6, 7], [7], [8], [9, 8, 10], [10, 11], [11, 12], [12], [13, 14], [14, 15], [15]], "up_set": [[0], [1, 0], [2, 1], [3, 2], [4, 3], [5, 4], [6, 5], [7, 6], [8, 9], [9, 4], [10, 9], [11, 10], [12, 11], [13, 1], [14, 13], [15, 14]], "MODE": 0, "DEBUG": 0, "OP": 0, "da": [[76.78317658, 73.18040677, 60.14888075, 61.01000925, 72.75744291, 75.36401631, 77.75128482, 82.89999816, 67.99005503, 72.38664064, 65.9015478, 60.86395794, 62.15149, 85.51451416, 94.93960112, 90.00884958, 110.47146031, 122.31645681, 100.35547183, 99.23020041, 86.02955815, 83.87014128, 45.9593636, 72.94578924], [76.78186107, 73.18062985, 60.14998208, 61.01001763, 72.75767468, 75.36327682, 77.74913876, 82.90046984, 67.99099563, 72.38602855, 65.90365326, 60.86170809, 62.15168494, 85.51541417, 94.94032423, 90.00916704, 110.47146363, 122.31671745, 100.35565587, 99.22844686, 86.0299262, 83.87063558, 45.95890833, 72.94571399], [99.43460079, 93.54835564, 88.67470908, 88.67424484, 92.87866523, 93.11837128, 100.37843301, 102.75002265, 90.34383756, 88.63083824, 86.03538619, 86.04439005, 86.04033881, 103.60682353, 111.91484563, 111.91788829, 130.29115947, 140.40644924, 120.22303279, 115.24285663, 98.71207918, 96.59292735, 65.97239335, 89.36592774], [121.64161182, 114.53046983, 115.10207622, 115.18675244, 114.08392994, 114.26930078, 123.06823994, 121.84306008, 111.40028005, 107.76161502, 107.6345123, 108.39638563, 108.18509425, 121.16681067, 130.52205224, 130.83147347, 148.28491248, 157.54176606, 139.20370913, 131.29163411, 110.81287301, 108.95531254, 86.69692347, 102.58724546], [200.75768024, 195.89186761, 197.38717389, 197.52076802, 195.97839202, 196.19806974, 203.07026517, 201.19611569, 194.99965046, 192.68771614, 192.45194195, 193.57558197, 193.31043554, 200.25061482, 207.2352713, 208.51853183, 221.4769136, 227.07734875, 215.69236867, 208.4089786, 176.90418875, 173.47711857, 158.99488178, 166.08010667], [300.15065001, 299.32518028, 298.84566339, 298.85039107, 299.17113914, 299.73305126, 303.15137562, 303.10671925, 301.83759441, 301.82391486, 301.32513309, 301.35602703, 301.34943, 303.43486788, 305.33017886, 307.4892998, 315.44235984, 316.01424226, 313.7973702, 309.16372706, 264.29240784, 258.98610815, 249.03085894, 249.51360189], [308.78767843, 308.43807795, 308.3736182, 308.37565657, 308.4066594, 308.62142663, 310.33987757, 310.32160621, 309.84033603, 309.843385, 309.66904193, 309.68294546, 309.68032699, 310.2630476, 310.98963556, 313.44471029, 322.53518801, 322.71827287, 321.9407602, 314.49167623, 269.01681463, 265.01048358, 256.13294058, 256.153119], [313.62223378, 313.58818445, 313.62522632, 313.63091484, 313.6062004, 313.5912381, 314.07110277, 314.04220193, 313.99982835, 313.97674043, 313.97581547, 313.99845983, 313.99358503, 314.00879452, 314.0603604, 315.89534953, 326.3158526, 326.41108412, 326.28097987, 316.25776368, 271.17671398, 268.01170169, 259.80185544, 259.83527535], [323.21758107, 323.00640429, 322.89338411, 322.89148555, 322.96987897, 323.38287818, 326.82910211, 326.87159668, 326.52229583, 326.52714562, 326.37311821, 326.34638377, 326.35388779, 326.81119025, 327.32990794, 330.79086004, 335.65275748, 335.69822728, 335.20730431, 334.39984356, 282.73571373, 275.19161772, 269.09904387, 269.05944045], [302.83602282, 301.86130656, 301.60628649, 301.6256254, 301.74213976, 302.32952439, 306.38369082, 306.175628, 304.81886508, 304.65048961, 304.20219126, 304.34187149, 304.30829279, 306.19274003, 308.174035, 310.60425242, 317.2968461, 318.03142938, 315.59553519, 312.97211261, 266.1200687, 259.62818984, 251.20526476, 251.8383651], [326.78829831, 326.41915507, 326.28250792, 326.27561192, 326.38031321, 326.82942496, 329.46481648, 329.52971548, 328.98299394, 328.98353268, 328.74531161, 328.69926958, 328.70893619, 329.14442952, 329.94395696, 332.44144466, 337.26620522, 337.29497037, 336.58095678, 335.67719483, 283.94866669, 275.92364161, 271.06656021, 270.99734361], [335.49125565, 335.27000356, 335.31387823, 335.31631094, 335.27728771, 335.4478076, 336.43858721, 336.40609447, 336.14373473, 336.097352, 336.01940598, 336.0377667, 336.03307904, 336.12522126, 336.48556131, 337.87298778, 341.69651086, 341.75854844, 341.39806098, 341.02853498, 288.3710088, 279.21649304, 276.75510767, 276.78212912], [342.22869526, 342.21409039, 342.22613591, 342.22801506, 342.2187828, 342.21565745, 342.2257511, 342.22025744, 342.21095602, 342.2052207, 342.20634526, 342.21206663, 342.2109684, 342.21127132, 342.22138759, 342.61091033, 344.14623889, 344.16103969, 344.14118331, 344.1277426, 292.37660758, 282.14166767, 281.40692784, 281.41641196], [89.161304, 82.70566049, 75.95120371, 75.95252389, 80.58982967, 81.71788172, 89.3965569, 93.64358126, 79.50119473, 79.46984717, 75.47942935, 75.48011625, 75.47884883, 93.93595567, 102.90790113, 102.90945381, 122.49373669, 132.65881935, 111.40723367, 105.23555678, 93.71516724, 91.23858974, 55.008044, 86.04852107], [89.86778191, 81.30938424, 76.55913664, 76.5226463, 77.06517837, 78.48456248, 89.60963493, 93.98266066, 78.4278559, 78.51983097, 76.23642549, 76.18624716, 76.15696359, 92.14187337, 103.95099343, 102.47597697, 124.16813958, 133.62759269, 112.00636955, 100.90614144, 94.90271826, 92.58031537, 53.64173796, 90.59768022], [87.85439207, 78.05873554, 74.29310818, 74.34994205, 74.16193274, 73.68875871, 88.04768465, 93.95828976, 76.97177784, 77.45093127, 76.47494606, 76.3636033, 76.36819179, 90.03398615, 104.66434889, 101.1727888, 124.85774398, 133.89950723, 111.86671168, 96.83450938, 94.64783274, 92.90090392, 52.27560689, 92.07024452]], "flex": [0.0, 0.0, 0.0, 0.0, 0.0, 0.0, 0.0, 0.0, 0.0, 0.0, 0.0, 0.0, 0.0, 0.0, 0.0, 0.0, 0.0, 0.0, 0.0, 0.0, 0.0, 0.0, 0.0, 0.0], "iter": 325}